<?xml version="1.0" encoding="UTF-8"?>
<!DOCTYPE mapper
  PUBLIC "-//mybatis.org//DTD Mapper 3.0//EN"
  "http://mybatis.org/dtd/mybatis-3-mapper.dtd">
<mapper namespace="com.my.shop.mappers.shopMapper">
<select id="list_1" resultType="com.my.shop.vo.GoodsViewVO">
<![CDATA[
select
g.gdsNum, g.gdsName, g.cateCode, c.cateCodeRef, c.cateName, gdsPrice, gdsStock, gdsDes, gdsDate, g.gdsImg, g.gdsThumbImg
from tbl_goods g
inner join goods_category c
on g.cateCode = c.cateCode
where g.cateCode = #{cateCode}
or c.cateCodeRef = #{cateCodeRef}
]]>
</select>
<select id="list_2" resultType="com.my.shop.vo.GoodsViewVO">
<![CDATA[
select
g.gdsNum, g.gdsName, g.cateCode, c.cateCodeRef, c.cateName, gdsPrice, gdsStock, gdsDes, gdsDate, g.gdsImg, g.gdsThumbImg
from tbl_goods g
inner join goods_category c
on g.cateCode = c.cateCode
where g.cateCode = #{cateCode}
or c.cateCodeRef = #{cateCodeRef}
]]>
</select>
<select id="goodsView" resultType="com.my.shop.vo.GoodsViewVO"><!-- view -->
<![CDATA[
select
g.gdsNum, g.gdsName, g.cateCode, c.cateCodeRef, c.cateName, gdsPrice, gdsStock, gdsDes, gdsDate, g.gdsImg, g.gdsThumbImg
from tbl_goods g
inner join goods_category c
on g.cateCode = c.cateCode
where g.gdsNum = #{gdsNum}
]]>
</select>
<!-- 
소비자가 보는 페이지를 최초리스트를 만듬
- 특징 -
카테고리 별로 분류가 되어야 한다 (군을 설정함 level 1depth[맥런치] 2depth[메뉴])
리스트를 2단계로 표현해야 합니다
조인을 실행
군을 설정해서 내비게이션에서 클릭할때 그 군에 상품만 보여줘야 된다
 -->
<!-- 댓글시작 -->
<insert id="registReply">
<![CDATA[
insert into tbl_reply(gdsNum, userId, repNum, repCon)
values
(#{gdsNum}, #{userId}, seq_tbl_reply.nextval, #{repCon})
]]>
</insert>
<select id="replyList" resultType="com.my.shop.vo.ReplyListVO">
<![CDATA[
select
r.gdsNum, r.userId, r.repNum, r.repCon, r.repDate, m.userName
from tbl_reply r 
inner join tbl_member m
on r.userId = m.userId
where gdsNum = #{gdsNum}
]]>
</select>
<delete id="deleteReply"><!-- 세션때문에 기준을 두개  -->
<![CDATA[
delete tbl_reply
where repNum = #{repNum} and userId = #{userId}
]]>
</delete>
<!-- 아이디 체크 -->
<select id="replyUserIdCheck" resultType="String">
<![CDATA[
select userId from tbl_reply where repNum = #{repNum}
]]>
</select>
<update id="modifyReply">
<![CDATA[
update tbl_reply
set
repCon = #{repCon}
where repNum = #{repNum}
and userId = #{userId}
]]>
</update>
<!-- 댓글 끝 -->
<!-- 카트 담기 -->
<insert id="addCart">
<![CDATA[
insert into tbl_cart(cartNum, userId, gdsNum, cartStock)
values
( seq_tbl_cart.nextval,#{userId}, #{gdsNum}, #{cartStock})
]]>
</insert>
<!-- 카트 리스트 -->
<select id="cartList" resultType="com.my.shop.vo.CartListVO">
<![CDATA[
select
row_number() over(order by c.cartNum desc) as num,
c.cartNum, c.userId, c.gdsNum, c.cartStock, c.addDate,
g.gdsName, g.gdsPrice, g.gdsThumbImg
from tbl_cart c
inner join tbl_goods g
on c.gdsNum = g.gdsNum
where c.userId= #{userId}
]]>
</select>
<!-- row_number() over(order by c.cartNum desc) as num, 
내림차순 row_number()[윈도우 함수 ] 각행에 고유한 번호를 할당 cartNum
row_number()[윈도우 함수 ] 번호는 기본적으로 1부터 시작하여 행의 순서에 따라 증가
주의사항은 동일한 값에 대해서 고유한 번호를 부여하기 때문에 같은값 여러번 나타나더라도
번호가 틀려집니다
-->








</mapper>
<!-- 


 -->