<?xml version="1.0" encoding="UTF-8"?>
<beans xmlns="http://www.springframework.org/schema/beans"
	xmlns:xsi="http://www.w3.org/2001/XMLSchema-instance"
	xmlns:jdbc="http://www.springframework.org/schema/jdbc"
	xmlns:mybatis-spring="http://mybatis.org/schema/mybatis-spring"
	xmlns:context="http://www.springframework.org/schema/context"
	xsi:schemaLocation="http://www.springframework.org/schema/jdbc http://www.springframework.org/schema/jdbc/spring-jdbc-4.3.xsd
		http://mybatis.org/schema/mybatis-spring http://mybatis.org/schema/mybatis-spring-1.2.xsd
		http://www.springframework.org/schema/beans https://www.springframework.org/schema/beans/spring-beans.xsd
		http://www.springframework.org/schema/context http://www.springframework.org/schema/context/spring-context-4.3.xsd">
<bean id="dataSource" class="org.apache.commons.dbcp2.BasicDataSource" destroy-method="close">
<property name="driverClassName" value="oracle.jdbc.driver.OracleDriver"/>
<property name="url" value="jdbc:oracle:thin:@localhost:1521:xe"/>
<property name="username" value="PORT_USR"/>
<property name="password" value="1234"/>
</bean>	
<bean id="sqlSessionFactory" class="org.mybatis.spring.SqlSessionFactoryBean">
<property name="dataSource" ref="dataSource"/>
<property name="configLocation" value="classpath:/mybatis-config.xml"/>
<property name="mapperLocations" value="classpath:/mappers/**/*Mapper.xml"/>
</bean>	
<bean id="sqlSessionTemplate" class="org.mybatis.spring.SqlSessionTemplate">
<constructor-arg index="0" ref="sqlSessionFactory"/>
</bean>		
</beans>
<!-- 
bean 
- 주로 스프링에서 사용
- 객체를 관리하는 기본단위 Spring loC(컨테이너에 의해 관리되는 객체)
스프링은 이러한 빈들을 생성하여 초기화 주입, 소멸 하는등의 작업을 자동으로 처리한다
- POJO(Plain Old Java Object)로 구현 될수 있다
- 주로 @Component, @Service @Repository @Controller등의 어노테이션을 통해 정의되고
Spring 컨테이너가 이를 관리합니다
- 설정파일 (xml또는 JavaConfig)를 통해 생성 및 관리방법을 설정합니다
- 의존성 주입(DI)를 통해 다른 Bean과 상호작용할수 있습니다

component
- 좀더 넓은 의미로 사용되는 용어입니다 일반적으로 시스템내에서 재사용 가능한 구성요소
 -->









