<?xml version="1.0" encoding="UTF-8"?>
<beans:beans xmlns="http://www.springframework.org/schema/mvc"
	xmlns:xsi="http://www.w3.org/2001/XMLSchema-instance"
	xmlns:beans="http://www.springframework.org/schema/beans"
	xmlns:context="http://www.springframework.org/schema/context"
	xsi:schemaLocation="http://www.springframework.org/schema/mvc https://www.springframework.org/schema/mvc/spring-mvc.xsd
		http://www.springframework.org/schema/beans https://www.springframework.org/schema/beans/spring-beans.xsd
		http://www.springframework.org/schema/context https://www.springframework.org/schema/context/spring-context.xsd">

	<!-- DispatcherServlet Context: defines this servlet's request-processing infrastructure -->
	
	<!-- Enables the Spring MVC @Controller programming model -->
	<annotation-driven />

	<!-- Handles HTTP GET requests for /resources/** by efficiently serving up static resources in the ${webappRoot}/resources directory -->
	<resources mapping="/resources/**" location="/resources/" />

	<!-- Resolves views selected for rendering by @Controllers to .jsp resources in the /WEB-INF/views directory -->
	<beans:bean class="org.springframework.web.servlet.view.InternalResourceViewResolver">
		<beans:property name="prefix" value="/WEB-INF/views/" />
		<beans:property name="suffix" value=".jsp" />
	</beans:bean>
	
	<context:component-scan base-package="com.my.shop" />
	<!-- 인터셉터 -->
<beans:bean id="AdminInterceptor" class="com.my.shop.interceptor.AdminInterceptor"/>
	<interceptors>
	<interceptor>
		<mapping path="/admin/**"/>
		<beans:ref bean="AdminInterceptor"/>
	</interceptor>
</interceptors>	

<!-- 업로드 패스설정 -->
<beans:bean class="java.lang.String" id="uploadPath">
<beans:constructor-arg value="C:\dev_ssh2\workplace\port\shop\src\main\webapp\resources"/>
</beans:bean>

<!-- 일반 파일 업로드 경로 -->
<resources location="/resources/imgUpload/" mapping="/imgUpload/**"/>
<beans:bean class="org.springframework.web.multipart.commons.CommonsMultipartResolver" id="multipartResolver">
<beans:property name="maxUploadSize" value="10485760"/>
</beans:bean>	
<!-- ck에디터 파일 업로드 경로 -->
<resources location="/resources/ckUpload/" mapping="/ckUpload/**"/>	

<resources location="/resources/images/" mapping="/images/**"/>	
	
	
	
	
	
	
	
	
	
	
	
	
	
	
</beans:beans>
